{"Theta0": 8499.599649933165, "Theta1": -0.021448963591701817}